ESTACION;NOMBRE;ANO-MES;TIPO;OPERADA;Pmensual;Panual;1;2;3;4;5;6;7;8;9;10;11;12;13;14;15;16;17;18;19;20;21;22;23;24;25;26;27;28;29;30;31
00074018;CARTAGENA;1968-01;PV;SENARA;0;;0;0;0;0;0;0;0;0;0;0;0;0;0;0;0;0;0;0;0;0;0;0;0;0;0;0;0;0;0;0;0
00074018;CARTAGENA;1968-02;PV;SENARA;0;;0;0;0;0;0;0;0;0;0;0;0;0;0;0;0;0;0;0;0;0;0;0;0;0;0;0;0;0;0;0;0
00074018;CARTAGENA;1968-03;PV;SENARA;0;;0;0;0;0;0;0;0;0;0;0;0;0;0;0;0;0;0;0;0;0;0;0;0;0;0;0;0;0;0;0;0
00074018;CARTAGENA;1968-04;PV;SENARA;0;;0;0;0;0;0;0;0;0;0;0;0;0;0;0;0;0;0;0;0;0;0;0;0;0;0;0;0;0;0;0;0
00074018;CARTAGENA;1968-05;PV;SENARA;343,5;;0;0;0;0;0;15;21;54;6;2,5;24;18,5;37;0;0,5;0;0;0;6,5;3,5;12;2;2,5;0;13;0;3,5;1,5;40,5;0;80
00074018;CARTAGENA;1968-06;PV;SENARA;538;;76;17;1;50,5;75;0;0;0;50;19;9;13;20;23;5;2;36;19;54;0;10;9;2;0;6,5;0;32;1,5;0;7,5;0
00074018;CARTAGENA;1968-07;PV;SENARA;111,5;;0;0;14;3;2,5;0;0;0;0;0;0;28;0;0;0;0;0;12,5;15;25;0;0;0;0;0;0;0;0;0;0;11,5
00074018;CARTAGENA;1968-08;PV;SENARA;137,5;;0;0;50;0;0;0;0;0;0;0;0;0;0;0;0;0;0;18;18,5;0;6;0;0;0;0;0;0;0;21;5;19
00074018;CARTAGENA;1968-09;PV;SENARA;384,5;;0;8;0;0;18;0;14,5;0;0;0;0;5,5;0;50,5;20,5;50,5;35;5;0;30,5;15,5;10,5;80,5;15;0;0;22;0;3;0;0
00074018;CARTAGENA;1968-10;PV;SENARA;459,5;;6;24;1;0;0;3;5;0;33;22;18,5;12;18;-8;43;78;40;32;15;9;0;0;10;-8;56,5;0;0;5;13,5;0;31
00074018;CARTAGENA;1968-11;PV;SENARA;81,5;;22;0;3,5;0;0;0;16;0;4,5;0;11;1,5;0;0;2;0;3;0;15;0;0;0;0;2;0;0;0;1;0;0;0
00074018;CARTAGENA;1968-12;PV;SENARA;0;2056;0;0;0;0;0;0;0;0;0;0;0;0;0;0;0;0;0;0;0;0;0;0;0;0;0;0;0;0;0;0;0
00074018;CARTAGENA;1969-01;PV;SENARA;1,5;;0;0;0;0;0;0;0;0;0;0;0;0;0;0;0;0;0;0;0;1,5;0;0;0;0;0;0;0;0;0;0;0
00074018;CARTAGENA;1969-02;PV;SENARA;0;;0;0;0;0;0;0;0;0;0;0;0;0;0;0;0;0;0;0;0;0;0;0;0;0;0;0;0;0;0;0;0
00074018;CARTAGENA;1969-03;PV;SENARA;0;;0;0;0;0;0;0;0;0;0;0;0;0;0;0;0;0;0;0;0;0;0;0;0;0;0;0;0;0;0;0;0
00074018;CARTAGENA;1969-04;PV;SENARA;76;;0;0;0;0;0;0;0;0;0;0;0;0;0;0;0;0;0;10;12;0;0;0;0;3;51;0;0;0;0;0;0
00074018;CARTAGENA;1969-05;PV;SENARA;34,5;;0;7;0;0;0;0;0;0;0;0;0;0;0;0;0;3;11,5;0;0;0;0;2,5;0;10,5;0;0;0;0;0;0;0
00074018;CARTAGENA;1969-06;PV;SENARA;264;;32,5;40;1,5;1;0;10;10;8,5;0;0,5;0;22,5;2,5;0;14,5;56;15;0,5;5;18,5;0,5;0;0,5;2,5;1;0;8,5;10;2,5;0;0
00074018;CARTAGENA;1969-07;PV;SENARA;-53;;7;0;0;0;14;0;5;23;0;0;0;47,5;3,5;0;-9;-9;-9;-9;-9;-9;-9;-9;-9;-9;-9;-9;-9;-9;-9;-9;-9
00074018;CARTAGENA;1969-08;PV;SENARA;300;;0;0;0;0;0;0;0;0;0;0;0;0;15;2;21,5;91;2,5;4,5;6;0;0,5;20;0;6,5;0,5;0;55;1,5;0;54;19,5
00074018;CARTAGENA;1969-09;PV;SENARA;293,5;;10,5;9;59;0,5;0;0;54;1;4,5;0;0;0;0;0;7;18;2,5;4;6,5;7;8;35;0;0;0;22;0;26;0;19;0
00074018;CARTAGENA;1969-10;PV;SENARA;854;;5,5;3,5;59,5;38;100;84;132;128;0;20,5;67;9,5;60,5;29;24;34,5;21,5;1;5;11;0;0;0;3;-8;5,5;5;4,5;0;4,5;5,5
00074018;CARTAGENA;1969-11;PV;SENARA;43;;0;3;1,5;0;0;0;0;0;0;0;0;0;0;0;0;2,5;0;0;2;0;0;0;0;0;15;17;1;1;0;0;0
00074018;CARTAGENA;1969-12;PV;SENARA;2,5;1816;0;0;0;0;0;0;1;0;0;0;0;0;0;0;0;0;0;0;0;0;0;1,5;0;0;0;0;0;0;0;0;0
00074018;CARTAGENA;1970-01;PV;SENARA;19;;0;0;0;0;0;0;0;0;0;0;0;0;0;0;0;0;8,5;10,5;0;0;0;0;0;0;0;0;0;0;0;0;0
00074018;CARTAGENA;1970-02;PV;SENARA;0;;0;0;0;0;0;0;0;0;0;0;0;0;0;0;0;0;0;0;0;0;0;0;0;0;0;0;0;0;0;0;0
00074018;CARTAGENA;1970-03;PV;SENARA;10,5;;0;0;0;0;0;0;0;0;0;2;1;6,5;0;0;0;0;0;0;0;0;0;0;0;0;0;1;0;0;0;0;0
00074018;CARTAGENA;1970-04;PV;SENARA;70;;0;0;0;0;0;0;0;0;0;8;0;16;41,5;4,5;0;0;0;0;0;0;0;0;0;0;0;0;0;0;0;0;0
00074018;CARTAGENA;1970-05;PV;SENARA;93;;0;0;0;0;0;0;0;0;0;0;0;0;0;0;0;0;0;0;0;5;37,5;0,5;0;26;6;5,5;3;8;0;1,5;0
00074018;CARTAGENA;1970-06;PV;SENARA;231;;0;0;0;0;2;0;1,5;0;8;9,5;23,5;0;0;0;0;7,5;0;25;11;32;3,5;1,5;16,5;33;7,5;10;18;0;20,5;0,5;0
00074018;CARTAGENA;1970-07;PV;SENARA;230,5;;5;22;0;0;2;0;0,5;1;18,5;5;1,5;11,5;1,5;0;0;9;54;1;0;1,5;4,5;21,5;0;0;2;0;4;0,5;22;2;40
00074018;CARTAGENA;1970-08;PV;SENARA;314;;29,5;6;2;0;0;7;0;4;0;16;16;4;9;3,5;17;0;0;16;0;0;0;0;0;0;17;1,5;66;6;80,5;9;4
00074018;CARTAGENA;1970-09;PV;SENARA;253,5;;5;17;12;44;20,5;0;0;11;4,5;4,5;0;-8;13;17;12;3;0;7,5;0;4;0;6;0;4,5;26,5;0;0;0,5;17;32;0
00074018;CARTAGENA;1970-10;PV;SENARA;255,5;;1;1,5;0;18;6;0;11;2,5;33,5;3,5;3,5;4,5;12;0;15,5;0;0;0;0;0;1;13,5;0;39,5;0;0,5;38;5,5;45;0;0
00074018;CARTAGENA;1970-11;PV;SENARA;205,5;;0;0;0;0,5;0;0;0;4;45;2;108;27;2,5;7,5;0,5;0;0;0;0;0,5;0;0;0;0;0;0;0;8;0;0;0
00074018;CARTAGENA;1970-12;PV;SENARA;4;1686,5;0;0;0;0;0;0;0;0;0;0;0;0;0;0;0;0;0,5;3,5;0;0;0;0;0;0;0;0;0;0;0;0;0
00074018;CARTAGENA;1971-01;PV;SENARA;0;;0;0;0;0;0;0;0;0;0;0;0;0;0;0;0;0;0;0;0;0;0;0;0;0;0;0;0;0;0;0;0
00074018;CARTAGENA;1971-02;PV;SENARA;2;;0;0;0;0;0;0,5;0;0;0;0;0;0;0;0;0;0;0;0;0;0;0;0;1,5;0;0;0;0;0;0;0;0
00074018;CARTAGENA;1971-03;PV;SENARA;1;;0;0;0;0;0;0;0;0;0;0;0;0;0;0;0;0;0;0;0;0;0;0;0;0;1;0;0;0;0;0;0
00074018;CARTAGENA;1971-04;PV;SENARA;40;;0;0;26,5;0;0;0;0;0;0;0;0;0;0;0;0;0;0;0;0;0;0,5;0;0;0;10,5;0;0;0;2,5;0;0
00074018;CARTAGENA;1971-05;PV;SENARA;295,5;;0;0;0;0;0;0;0;0;0;0;0;11,5;3;14;0;2,5;58,5;1,5;47;52,5;48;0;0;11,5;0;0;0;0;26;19,5;0
00074018;CARTAGENA;1971-06;PV;SENARA;201;;0;0;73;0;3,5;0;0;6;9;0;0,5;28;15;3;17,5;5;2,5;0;2;9;0;0;5,5;0;0;0;0;21;0;0,5;0
00074018;CARTAGENA;1971-07;PV;SENARA;54,5;;0;2,5;0;0;0;0;0;0;0;0;0;0;0;13;3;5,5;0;0;0;0;0;0;0;9,5;7;0;0;0;0;0;14
00074018;CARTAGENA;1971-08;PV;SENARA;345;;12;13,5;5,5;58;14;0;0;10,5;0;0;0;0;0;0;18;21,5;0,5;0;17,5;0;-8;29;0;6,5;0;1;69,5;-8;60;0;24
00074018;CARTAGENA;1971-09;PV;SENARA;568;;35;21,5;16;-8;8;5;3,5;1,5;61,5;37;0;0;6;1,5;9;0,5;12,5;-8;102;26;20;44;12;41,5;0;9;24,5;28,5;56,5;1,5;0
00074018;CARTAGENA;1971-10;PV;SENARA;469;;0;-8;58,5;57;-8;62,5;2,5;1,5;0;33,5;0;0;0;14;40,5;1;5;23;25,5;17,5;30;4,5;18,5;52;0;6;7,5;0;14;10,5;0
00074018;CARTAGENA;1971-11;PV;SENARA;74,5;;5;14,5;2;14,5;0,5;0;0;0;0;0;0;0;0;0;0;0;0;34,5;0;0;0;0;0;2;0;0;0;1;0;0,5;0
00074018;CARTAGENA;1971-12;PV;SENARA;0;2050,5;0;0;0;0;0;0;0;0;0;0;0;0;0;0;0;0;0;0;0;0;0;0;0;0;0;0;0;0;0;0;0
00074018;CARTAGENA;1972-01;PV;SENARA;50,5;;0;0;0;4,5;0;0;0;0;0;0;46;0;0;0;0;0;0;0;0;0;0;0;0;0;0;0;0;0;0;0;0
00074018;CARTAGENA;1972-02;PV;SENARA;0;;0;0;0;0;0;0;0;0;0;0;0;0;0;0;0;0;0;0;0;0;0;0;0;0;0;0;0;0;0;0;0
00074018;CARTAGENA;1972-03;PV;SENARA;0;;0;0;0;0;0;0;0;0;0;0;0;0;0;0;0;0;0;0;0;0;0;0;0;0;0;0;0;0;0;0;0
00074018;CARTAGENA;1972-04;PV;SENARA;0;;0;0;0;0;0;0;0;0;0;0;0;0;0;0;0;0;0;0;0;0;0;0;0;0;0;0;0;0;0;0;0
00074018;CARTAGENA;1972-05;PV;SENARA;347;;0;0;21;0;0;0;0;0;0;4;0;21;7;6;55,5;0;-8;26;7;8;29;0;46,5;26;0,5;72,5;10;0;15;0;0
00074018;CARTAGENA;1972-06;PV;SENARA;115,2;;0;0;0;0;3,8;19,5;7,5;4,5;17,5;42,5;3,9;1;0,5;0;0;4,5;4;0;0;1;0;0,5;0;3,5;0,5;0;0;0,5;0;0;0
00074018;CARTAGENA;1972-07;PV;SENARA;102,2;;0;0;0;0;0;0;0;0;8,5;0;1,5;0;0;1,5;0;0;0;0;8;70,5;0;0;0;3,5;3,2;5,5;0;0;0;0;0
00074018;CARTAGENA;1972-08;PV;SENARA;149,5;;0;0;0;0;0;0;0;0;0;17,5;0;0;0;5,5;0;0;0;0;13,5;18,5;0;2,5;13,5;10;8,5;-8;68;0;0;0;0
00074018;CARTAGENA;1972-09;PV;SENARA;212;;1;0;3;40,5;21;0;0;0;0;7,5;0;0;0;7;2;13,5;0;0;0;8,5;0;38;9,5;0;32,5;21,5;2;4,5;0;0;0
00074018;CARTAGENA;1972-10;PV;SENARA;180;;0;0;6;0;2;0,5;0;0;0;0;0;0;23;0;15,5;27;18,5;23;30;0;0;26;0;0;0;8,5;0;0;0;0;0
00074018;CARTAGENA;1972-11;PV;SENARA;104,5;;0;1;12;0;0;0;13;0;3;0,5;3;30,5;0;2,5;11,5;26;0;0;0;0;0;0;0;0;0;0;1,5;0;0;0;0
00074018;CARTAGENA;1972-12;PV;SENARA;14;1274,9;0;0;0;0;0;0;0;0;0;0;0;0;0;0;0;0;0;0;0;0,5;1,5;12;0;0;0;0;0;0;0;0;0
00074018;CARTAGENA;1973-01;PV;SENARA;0;;0;0;0;0;0;0;0;0;0;0;0;0;0;0;0;0;0;0;0;0;0;0;0;0;0;0;0;0;0;0;0
00074018;CARTAGENA;1973-02;PV;SENARA;0;;0;0;0;0;0;0;0;0;0;0;0;0;0;0;0;0;0;0;0;0;0;0;0;0;0;0;0;0;0;0;0
00074018;CARTAGENA;1973-03;PV;SENARA;14;;0;0;0;0;0;0;0;0;0;0;0;0;0;0;0;0;0;0;0;0;0;0;0;14;0;0;0;0;0;0;0
00074018;CARTAGENA;1973-04;PV;SENARA;24;;0;0;0;0;0;0;0;0;0;0;0;0;0;0;0;0;0;0;0;0;0;0;0;0;4;0;20;0;0;0;0
00074018;CARTAGENA;1973-05;PV;SENARA;249,3;;0;0;0;0;0;0;0;21;41,5;0,5;0;0;0;0;0;0;1,5;0;67,5;0;11,5;5,5;2,5;21;2,5;27,3;0;0,5;19,5;23,5;3,5
00074018;CARTAGENA;1973-06;PV;SENARA;298,7;;1;-8;40;0;16;4,2;0;0;0;0;3,5;8,5;12,5;3;0;-8;40,5;8,5;21,5;-8;-8;63,5;-8;63;11,5;11,5;22;0;6;2;0
00074018;CARTAGENA;1973-07;PV;SENARA;299,7;;0;34,5;0;0;1;0;0;0;0;0;0;14,5;0;0;0;0;2;1,5;20,2;-8;66;41,5;0;2,5;53,5;34,5;25;10;0;0;1
00074018;CARTAGENA;1973-08;PV;SENARA;542,5;;39,5;0;0;54;0;8,5;45;0;0;0;50,5;0;0;0;0;0;0;0;7,5;42;22;7,5;25;7;0;47,5;12,5;79;46;48,5;0,5
00074018;CARTAGENA;1973-09;PV;SENARA;415,8;;-8;75;27,2;0,5;0;6;0,2;-8;18,5;39,5;2,2;0,5;10;6;-8;38,5;42;23,5;46,2;2;6;0;0;4,5;8;0;13;18;-8;60,5;0
00074018;CARTAGENA;1973-10;PV;SENARA;669,2;;13,5;0;17;3,2;4,5;-8;122,5;152,5;33;0;-8;41;-8;53,5;7;13,5;4,5;0;6;-8;77,5;19;7,5;24;15;27,5;-8;64,5;0;0,5;2
00074018;CARTAGENA;1973-11;PV;SENARA;33,5;;0;0;0;0;0;0;0;0;0;0;0;0;0;1,5;0,5;0;2;0;0;0;2;12;0,5;1;3,5;10;0,5;0;0;0;0
00074018;CARTAGENA;1973-12;PV;SENARA;0;2546,7;0;0;0;0;0;0;0;0;0;0;0;0;0;0;0;0;0;0;0;0;0;0;0;0;0;0;0;0;0;0;0
00074018;CARTAGENA;1974-01;PV;SENARA;0,3;;0;0;0;0;0;0;0;0;0,3;0;0;0;0;0;0;0;0;0;0;0;0;0;0;0;0;0;0;0;0;0;0
00074018;CARTAGENA;1974-02;PV;SENARA;0;;0;0;0;0;0;0;0;0;0;0;0;0;0;0;0;0;0;0;0;0;0;0;0;0;0;0;0;0;0;0;0
00074018;CARTAGENA;1974-03;PV;SENARA;2,3;;0;0;0;0;0;0;0;0;0;0;0;0;0;0;0;0;0;0;0;0;0;0;0;0;0;0;0;0;0;0;2,3
00074018;CARTAGENA;1974-04;PV;SENARA;3,4;;1;1,3;0,5;0,3;0;0;0;0;0;0;0;0;0;0;0;0;0;0;0;0;0;0;0;0;0;0,3;0;0;0;0;0
00074018;CARTAGENA;1974-05;PV;SENARA;267,2;;0;0;0;0;0;0;0;8,7;0;0;0;23;0;0,5;60;39;0;0;40,5;0;13,8;41,5;20,7;0;0;12;3,5;0;0;3;1
00074018;CARTAGENA;1974-06;PV;SENARA;314,1;;0;21;2;28;0;0;0;7,5;0;62;17;26;1;0,3;0;7;9;4;10,5;26,5;0,5;0;46;0;4,3;34,5;7;0;0;0;0
00074018;CARTAGENA;1974-07;PV;SENARA;123;;0;0;0;0;0;0;0;3;0;0;46;5;0;0;0;0,5;0;0;0;41;0;0;0;0;0;0;0;0;0;27,5;0
00074018;CARTAGENA;1974-08;PV;SENARA;297,3;;0;0;35;0;0;0;0,3;0;0;0;45,5;37;17;5,5;0;0;0;0;0;0;0;0;53;0;20;16;50;10;0,5;7,5;0
00074018;CARTAGENA;1974-09;PV;SENARA;601,9;;20,5;57;4;38,5;2;3,5;40,5;20;13,5;40,5;1;13,5;17;13;9,5;43,5;73;60,5;73,5;2,5;0;20,5;0;0;0;2;24,7;0;7,7;0;0
00074018;CARTAGENA;1974-10;PV;SENARA;221,9;;12,5;5;6;6;18;0;19,5;0;0;0;9;4;0;0;0;7;6,2;0,2;0;9;24;0;0;4;22,7;2,2;0;20,2;0,7;19,7;26
00074018;CARTAGENA;1974-11;PV;SENARA;12,5;;0;0;0;0;0;0;0;0;0;0;0;0;0;0;0;0;12;0;0;0;0;0;0;0;0,5;0;0;0;0;0;0
00074018;CARTAGENA;1974-12;PV;SENARA;0;1843,9;0;0;0;0;0;0;0;0;0;0;0;0;0;0;0;0;0;0;0;0;0;0;0;0;0;0;0;0;0;0;0
00074018;CARTAGENA;1975-01;PV;SENARA;0;;0;0;0;0;0;0;0;0;0;0;0;0;0;0;0;0;0;0;0;0;0;0;0;0;0;0;0;0;0;0;0
00074018;CARTAGENA;1975-02;PV;SENARA;0;;0;0;0;0;0;0;0;0;0;0;0;0;0;0;0;0;0;0;0;0;0;0;0;0;0;0;0;0;0;0;0
00074018;CARTAGENA;1975-03;PV;SENARA;0;;0;0;0;0;0;0;0;0;0;0;0;0;0;0;0;0;0;0;0;0;0;0;0;0;0;0;0;0;0;0;0
00074018;CARTAGENA;1975-04;PV;SENARA;0;;0;0;0;0;0;0;0;0;0;0;0;0;0;0;0;0;0;0;0;0;0;0;0;0;0;0;0;0;0;0;0
00074018;CARTAGENA;1975-05;PV;SENARA;104,2;;0;0;0;0;0;0;2,5;7;0;0;0;0;0;0;43,7;0;0;0;0;0;0;0;0;0;5,5;0;19;-8;23,5;4,5;6,5
00074018;CARTAGENA;1975-06;PV;SENARA;162;;0;0;43,7;0;1,5;0;0;34;0;44,5;0;0;0;0;0;0;3,5;0;1,5;0;0;2,3;2;0;0;10;0;0;19;0;0
00074018;CARTAGENA;1975-07;PV;SENARA;166;;0;15;26,5;12,5;-8;28,5;37,5;23;0;0;0;-8;21;0;0;5;0;0;0;0;0;5,5;1;0;8;-8;6,5;0;0;0;0
00074018;CARTAGENA;1975-08;PV;SENARA;216;;0;1;0;10;0;0;8;10,5;19;0;0;0;0,5;0;4;-8;31;46,5;0,5;23,5;4,5;1;0,5;0;0;3;39,5;18,5;2,5;0;0
00074018;CARTAGENA;1975-09;PV;SENARA;464,4;;2;16;27;6,5;26,5;-8;179;5,5;6,2;36;2,5;3;-8;9;0;6,5;11;0;0;-8;24;75;7,2;5;1;17;-8;9;0;21,5;0
00074018;CARTAGENA;1975-10;PV;SENARA;265,4;;0;2;26,5;17,5;0;1,5;28,5;0;12;0;0;6,5;4,5;6,2;0;-8;15;26;9;0;0;11,5;14,2;6;-8;22;3,5;8;19;20,5;21,5
00074018;CARTAGENA;1975-11;PV;SENARA;601,5;;-8;61;7;4,5;129,5;104;1;1;0;-8;211,5;9;0,5;0;0;0;0;0;3,5;66;16;1;0;0,5;0;0;1,5;0;0;0;0
00074018;CARTAGENA;1975-12;PV;SENARA;0;1979,5;0;0;0;0;0;0;0;0;0;0;0;0;0;0;0;0;0;0;0;0;0;0;0;0;0;0;0;0;0;0;0
00074018;CARTAGENA;1976-01;PV;SENARA;0;;0;0;0;0;0;0;0;0;0;0;0;0;0;0;0;0;0;0;0;0;0;0;0;0;0;0;0;0;0;0;0
00074018;CARTAGENA;1976-02;PV;SENARA;0;;0;0;0;0;0;0;0;0;0;0;0;0;0;0;0;0;0;0;0;0;0;0;0;0;0;0;0;0;0;0;0
00074018;CARTAGENA;1976-03;PV;SENARA;0;;0;0;0;0;0;0;0;0;0;0;0;0;0;0;0;0;0;0;0;0;0;0;0;0;0;0;0;0;0;0;0
00074018;CARTAGENA;1976-04;PV;SENARA;5,5;;0;0;0;0;0;0;0;0;0;0;0;0;0;0;0;0;0;0;0;0;0;0;0;0;0;0;0;0;0;5,5;0
00074018;CARTAGENA;1976-05;PV;SENARA;181,5;;33,5;7,5;0;0;0;0;0;0;0;0;0;0;0;0;0;0;0;0;0;5,5;0;0;12,5;2;88,5;0;14,5;2;0;0;15,5
00074018;CARTAGENA;1976-06;PV;SENARA;327,5;;10;5;17,5;10;0;43,5;0;54,5;3;74,5;7,5;51,5;0;0;0;0;7;0;0;3;2,5;14,5;0;0;9;14,5;0;0;0;0;0
00074018;CARTAGENA;1976-07;PV;SENARA;138,5;;0;0;0;59;39,5;10;15,5;0;0;0;0;0;2;0;0;0;0;0;0;12,5;0;0;0;0;0;0;0;0;0;0;0
00074018;CARTAGENA;1976-08;PV;SENARA;92;;0;0;0;0;0;0;0;0;0;0;0;0;0;0;0;13,5;0;0;1;0;0;8;19,5;0;2;0;2;0;46;0;0
00074018;CARTAGENA;1976-09;PV;SENARA;92;;0;1,5;26,5;0;2;0;0;0;0;0;0;0;2,5;0;5,5;0;0;0;0;0;16,5;2,5;0;0,5;0;0;6;6,5;22;0;0
00074018;CARTAGENA;1976-10;PV;SENARA;274,5;;2,5;-8;84,5;-8;36,5;4,5;16;4;-8;60,5;0;21;13,5;0;3,5;-8;7;34,5;8,5;0;0;0;0;0;0;0,5;1;0;0;8,5;0
00074018;CARTAGENA;1976-11;PV;SENARA;198,5;;31;0;0;0;0;0;0;0;0;0;4;14,5;0;82;0;60,5;0;0;0;0;6,5;0;0;0;0;0;0;0;0;0;0
00074018;CARTAGENA;1976-12;PV;SENARA;0;1310;0;0;0;0;0;0;0;0;0;0;0;0;0;0;0;0;0;0;0;0;0;0;0;0;0;0;0;0;0;0;0
00074018;CARTAGENA;1977-01;PV;SENARA;0;;0;0;0;0;0;0;0;0;0;0;0;0;0;0;0;0;0;0;0;0;0;0;0;0;0;0;0;0;0;0;0
00074018;CARTAGENA;1977-02;PV;SENARA;0;;0;0;0;0;0;0;0;0;0;0;0;0;0;0;0;0;0;0;0;0;0;0;0;0;0;0;0;0;0;0;0
00074018;CARTAGENA;1977-03;PV;SENARA;0;;0;0;0;0;0;0;0;0;0;0;0;0;0;0;0;0;0;0;0;0;0;0;0;0;0;0;0;0;0;0;0
00074018;CARTAGENA;1977-04;PV;SENARA;2,5;;0;0;0;0;0;0;0;0;0;0;0;0;0;0;0;0;2,5;0;0;0;0;0;0;0;0;0;0;0;0;0;0
00074018;CARTAGENA;1977-05;PV;SENARA;137;;0;0;0;0;0;0;0;0;0;32;0;0;0;0;6;0;0;0;0;0;0;0;3,5;15;0;51;2,5;0;8;13;6
00074018;CARTAGENA;1977-06;PV;SENARA;105;;12;14;12;-8;16,5;0;23,5;11;0;0;0;0;1,5;9,5;0;0;0;0;0;0;2,5;2;3;0;0;0;0;0;5,5;0;0
00074018;CARTAGENA;1977-07;PV;SENARA;24;;0;0;9,5;0;6,5;0;0;0;0;0;0;0;0;0;0;0;0;0;0;6;2;0;0;0;0;0;0;0;0;0;0
00074018;CARTAGENA;1977-08;PV;SENARA;250,5;;0;0;0;0;0;0;35,5;12;27;22;8;0;0;0;0;0;27,5;17;0;0;8,5;0;8;28,5;20,5;0;0;0;0;0;36
00074018;CARTAGENA;1977-09;PV;SENARA;229;;4;0;0;0;0;0;0;0;0;0;0;0;3,5;0;10,5;0;0;0;17;12,5;10,5;12;20;0;47;13,5;12;17,5;0;49;0
00074018;CARTAGENA;1977-10;PV;SENARA;310,5;;0;48;0;0;0;0;0;0;2;26;0;17;0;2;0;0;0;1,5;0;77;0;0;39,5;13,5;0;0;0;18,5;0;65,5;0
00074018;CARTAGENA;1977-11;PV;SENARA;55,5;;0;0;9,5;0;0;0;7,5;1,5;0;0;0;4;0;0;1;3,5;4;0;19;0;0;0;0;0;0;0;0;0;5,5;0;0
00074018;CARTAGENA;1977-12;PV;SENARA;4;1118;1,5;2,5;0;0;0;0;0;0;0;0;0;0;0;0;0;0;0;0;0;0;0;0;0;0;0;0;0;0;0;0;0
00074018;CARTAGENA;1978-01;PV;SENARA;0;;0;0;0;0;0;0;0;0;0;0;0;0;0;0;0;0;0;0;0;0;0;0;0;0;0;0;0;0;0;0;0
00074018;CARTAGENA;1978-02;PV;SENARA;0;;0;0;0;0;0;0;0;0;0;0;0;0;0;0;0;0;0;0;0;0;0;0;0;0;0;0;0;0;0;0;0
00074018;CARTAGENA;1978-03;PV;SENARA;0;;0;0;0;0;0;0;0;0;0;0;0;0;0;0;0;0;0;0;0;0;0;0;0;0;0;0;0;0;0;0;0
00074018;CARTAGENA;1978-04;PV;SENARA;6,5;;0;0;0;0;0;0;0;0;0;0;0;0;0;0;0;0;0;0;0;6,5;0;0;0;0;0;0;0;0;0;0;0
00074018;CARTAGENA;1978-05;PV;SENARA;536;;0;74,5;3;29,5;0;-8;38;8,5;13;0;0;0;0;0;0;0;17;24,5;36,5;0;0;15,5;18;17,5;49;2;-8;102;4;45;54,5
00074018;CARTAGENA;1978-06;PV;SENARA;204,5;;30,5;6,5;-8;26,5;65,5;14;18;25;0;8,5;0;0;0;1;0;0;0;0;0;8;4,5;0;0;0;2,5;0;0;0;0;2;0
00074018;CARTAGENA;1978-07;PV;SENARA;182,5;;0;45;2,5;30,5;0;0;2,5;6,5;0;0;0;43;2,5;9;-8;16,5;10;17;1,5;0;0;0;0;0;0;0;4;0;0;0;0
00074018;CARTAGENA;1978-08;PV;SENARA;295,5;;0;1;0;20;0;1;41,5;10;0;0;0;0;0;0;0;30,5;0;11;0;0;0;0;3;2;28;-8;84;4;57;6,5;4
00074018;CARTAGENA;1978-09;PV;SENARA;294,5;;15;-8;53;2;3,5;10;7;0;0;6;12;13;40,5;0;0;0;0;55;0;0;26,5;1;37;0;0;0;8;0,5;3,5;9;0
00074018;CARTAGENA;1978-10;PV;SENARA;384;;0;0;0;0;0;8,5;0;5;0;0;-8;62,5;1,5;-8;46;17;34;0;9,5;23;-8;62,5;85,5;12;0;1;15,5;24,5;0;0;0
00074018;CARTAGENA;1978-11;PV;SENARA;37;;0;0;5;0;0;1;0;0;0;0;0;16;0;0;0;0;0;0;0;0;0;0;15;0;0;0;0;0;0;0;0
00074018;CARTAGENA;1978-12;PV;SENARA;64,5;2005;0;0;0;3;2;20,5;0;11;7,5;0;19,5;0;0;0;0;0;1;0;0;0;0;0;0;0;0;0;0;0;0;0;0
00074018;CARTAGENA;1979-01;PV;SENARA;0;;0;0;0;0;0;0;0;0;0;0;0;0;0;0;0;0;0;0;0;0;0;0;0;0;0;0;0;0;0;0;0
00074018;CARTAGENA;1979-02;PV;SENARA;0;;0;0;0;0;0;0;0;0;0;0;0;0;0;0;0;0;0;0;0;0;0;0;0;0;0;0;0;0;0;0;0
00074018;CARTAGENA;1979-03;PV;SENARA;0;;0;0;0;0;0;0;0;0;0;0;0;0;0;0;0;0;0;0;0;0;0;0;0;0;0;0;0;0;0;0;0
00074018;CARTAGENA;1979-04;PV;SENARA;82;;0;0;0;0;0;0;0;0;0;0;0;0;0;0;0;0;0;0;0;0;12;4;4;2,5;24,5;0;0;19;16;0;0
00074018;CARTAGENA;1979-05;PV;SENARA;196;;2;0;31;2;37;0;0;0;1;0;0;0;1,5;71,5;0;0;0;0;0;0;0;0;13;0,5;7,5;0;0;0;1,5;-8;35,5
00074018;CARTAGENA;2021-10;PV;SENARA;177,6;;14,2;10,4;0;0;6,2;14,4;0;6,4;0;12,4;0;5,2;6,4;0;5,2;0;5,4;10,2;2,2;33,4;8,2;7,2;0;0;24,8;0;0;0;0;5,4;0
00074018;CARTAGENA;2021-11;PV;SENARA;21,8;;0;0;5,4;13,2;0;0;0;0;0;0;3,2;0;0;0;0;0;0;0;0;0;0;0;0;0;0;0;0;0;0;0;0
00074018;CARTAGENA;2021-12;PV;SENARA;0;1647,2;0;0;0;0;0;0;0;0;0;0;0;0;0;0;0;0;0;0;0;0;0;0;0;0;0;0;0;0;0;0;0
;;;;;;;483,2;683,7;942,3;683,2;691;466,6;987,5;702,1;496,5;714,4;764,8;742,7;433,9;462,5;532,9;723;683,1;602,4;818,1;719,9;563;707,5;663,6;541;704,5;513,8;803,7;543,2;735,9;599,1;455,3
